"","spotify_playlist"
"1","3M4s2BJCpve1zbvRdr6e6d"
"2","7KBmUXAbgCQYbpU10tMeEE"
"3","2aYXRqQ94EGQAv5VkkVgsS"
"4","0BFdikN3myY8UY6wR5ajnY"
"5","4vmncHjirT0v0GyrONw26x"
"6","3MopOGXdCfNOBQpDbluudf"
"7","1bqw3aB9lfWna30GlQGjmj"
"8","5o1iGdL4HsgMSFAvltS2Pe"
"9","1KarjlEloE0DQBBGVv56Io"
"10","60uhyiX8h79NtEpQlCR9Rm"
"11","6yY9W80caWJcRtIxyB59ds"
"12","016fayjsCU41SfJWFUREnE"
"13","7CIeE38SdXZ9J0M76QRhmS"
"14","4YqVByjHGu3grG3CZa1VKh"
"15","69dtPFfkYa5URry1zo665z"
"16","5ows8MyC8CN95GTbgTovnd"
"17","6q6DzFMMwpYeU2a90J5IyJ"
"18","4y8bF3PpXtsDrcY7f2eF6I"
"19","2PzvIVbR7xKNZG2WsZgM5J"
"20","7MMIVoteyDNzNp7PJUCeG4"
"21","07w1SOtBUepUWKUrOmPj9e"
"22","4P76pRveK4JvpptO8naSWD"
"23","7MmUljl4t4MVp6XvQFNl0Z"
"24","1iWOVDKYmroNpqFi0NLZh4"
"25","4eihT0OEMD6ITAjabdLem3"
"26","3hnEQLgrmR0geE9YTEsqZP"
"27","7cTg2slBWz94CORQ6EOq5r"
"28","2K6gTIVcddKWTL34ddtfeM"
"29","4PGGwriEHqC4cqbmbXBKME"
"30","6taan6n01bwB2B7EtN9KYI"
"31","0jE4AwYTS0nWZuItWMqJpd"
"32","3L6VgoMbLQKzuJ40Dgyih0"
"33","3Z60k1DryoH7YgbhPUvAem"
"34","6yRh4oqYwT2VW88lgpMgSI"
"35","6I2P4gBZdYxr0zpbf6JwuY"
"36","1OIc0vrEB74xjGhetXEh5V"
"37","2lZbWKpUwZnN99t3fmHRWJ"
"38","1IvJA7GUuWvFCKBtV0cv40"
"39","3TKe4BK5FMMSLnZOf2p23h"
"40","6lWAhFNCogTHg2vIhE0HfN"
"41","4sgfHKNUvjabf82DgycNld"
"42","6ND5chB18lHSOCZwH6zJ3d"
"43","1JVJ7Z9XJ8T6b6CziSqtrY"
"44","5t2dcMJlYisXlMWeFainZJ"
"45","6Lf340gpd9GqoJP2BR6imM"
"46","65QMBLTU6qShbVRnMbZ9sR"
"47","2hrZz4GpYbmKDTniC8O7uM"
"48","3WXIjRjHLKrgeQZNdmTvMr"
"49","38EBMCj1vBdLYLKZmzlCLw"
"50","18CuW6LdJvxNLaMPIuJAyr"
"51","0JnJKrKjU6BHVm8D2AyLvm"
"52","3wHD9uCy9c3kzAvqusXhB9"
"53","6r7oXSLDsMkaNXkfguKBPa"
"54","7mNQeWbZx6EZ9Sz7SRNbPO"
"55","1harArs7ZDwRr2YNtUIDj0"
"56","2Ct11iXczMd4Z4ejZGYWUN"
